Abscess,smooth swell skin
Abscess,pain tender affect area
Abscess,warmth red affect area
Abscess,visibl build white yellow pu skin affect area
Abscess,high temperatur
Abscess,chill
Acute Radiation Sickness,nausea vomit
Acute Radiation Sickness,diarrhea
Acute Radiation Sickness,headach
Acute Radiation Sickness,fever
Acute Radiation Sickness,dizzi disorient
Acute Radiation Sickness,weak fatigu
Acute Radiation Sickness,hair loss
Acute Radiation Sickness,bloodi vomit stool intern bleed
Alzheimer's disease,increas memori loss confus
Alzheimer's disease,inabl learn new thing
Alzheimer's disease,difficulti languag problem read write work number
Alzheimer's disease,difficulti think think logic
Alzheimer's disease,shorten attent span
Alzheimer's disease,problem cope new situat
Anthrax,fever chill
Anthrax,chest discomfort
Anthrax,short breath
Anthrax,confus dizzi
Anthrax,cough
Anthrax,nausea vomit stomach pain
Anthrax,headach
Anthrax,sweat often drench
Appendicitis,feel sick nausea
Appendicitis,sick
Appendicitis,loss appetit
Appendicitis,constip diarrhoea
Appendicitis,high temperatur flush face
Allergy,sneez itchi runni block nose allerg rhiniti
Allergy,itchi red water eye conjunct
Allergy,wheez chest tight short breath cough
Allergy,rais itchi red rash hive
Allergy,swell lip tongu eye face
Allergy,tummi pain feel sick vomit diarrhoea
Arthritis,joint pain tender stiff
Arthritis,inflamm joint
Arthritis,restrict movement joint
Arthritis,warm red skin affect joint
Arthritis,weak muscl wast
Aseptic meningitis,fever
Aseptic meningitis,chill
Aseptic meningitis,stomachach
Aseptic meningitis,pain headach
Aseptic meningitis,bodi ach
Aseptic meningitis,sensit light photophobia
Aseptic meningitis,loss appetit
Aseptic meningitis,vomit
Asthma,wheez cough chest tight becom sever constant
Asthma,breathless eat speak sleep
Asthma,breath faster
Asthma,fast heartbeat
Asthma,drowsi confus exhaust dizzi
Asthma,blue lip finger
Asthma,faint
Astigmatism,blur distort vision
Astigmatism,eyestrain discomfort
Astigmatism,headach
Astigmatism,difficulti night vision
Astigmatism,squint
Atherosclerosis,chest pain angina
Atherosclerosis,pain leg arm anywher el block arteri
Atherosclerosis,short breath
Atherosclerosis,fatigu
Atherosclerosis,confus blockag affect circul brain
Atherosclerosis,muscl weak leg lack circul
Bacterial meningitis,sudden high fever
Bacterial meningitis,stiff neck
Bacterial meningitis,sever headach seem differ normal
Bacterial meningitis,headach nausea vomit
Bacterial meningitis,confus difficulti concentr
Bacterial meningitis,seizur
Bacterial meningitis,sleepi difficulti wake
Bacterial meningitis,sensit light
Beriberi,difficulti walk
Beriberi,loss feel sensat hand foot
Beriberi,loss muscl function paralysi lower leg
Beriberi,mental confus speech difficulti
Beriberi,pain
Beriberi,strang eye movement nystagmus
Beriberi,tingl
Beriberi,vomit
Black Death,bubon plagu patient develop sudden onset fever headach chill weak swollen tender pain lymph node call bubo
Black Death,septicem plagu patient develop fever chill extrem weak abdomin pain shock possibl bleed skin organ
Botulism,difficulti swallow
Botulism,muscl weak
Botulism,doubl vision
Botulism,droop eyelid
Botulism,blurri vision
Botulism,slur speech
Botulism,difficulti breath
Botulism,difficulti move eye
Breast cancer,new lump breast underarm armpit
Breast cancer,thicken swell part breast
Breast cancer,irrit dimpl breast skin
Breast cancer,red flaki skin nippl area breast
Breast cancer,pull nippl pain nippl area
Breast cancer,nippl discharg breast milk includ blood
Bronchitis,cough mucus
Bronchitis,sore chest
Bronchitis,feel tire fatigu
Bronchitis,mild headach
Bronchitis,mild bodi ach
Bronchitis,sore throat
Brucellosis,fever
Brucellosis,sweat
Brucellosis,malais
Brucellosis,anorexia
Brucellosis,headach
Brucellosis,pain muscl joint back
Brucellosis,fatigu
Bubonic plague,bubon plagu patient develop sudden onset fever headach chill weak swollen tender pain lymph node call bubo
Bubonic plague,septicem plagu patient develop fever chill extrem weak abdomin pain shock possibl bleed skin organ
Bunion,bulg bump outsid base big toe
Bunion,swell red sore around big toe joint
Bunion,corn callusoften develop first second toe rub
Bunion,ongo pain pain come goe
Boil,pain red bump start small enlarg inch centimet
Boil,red swollen skin bump
Boil,increas size bump day fill pu
Boil,develop yellow white tip eventu ruptur pu drain
Cancer,painbone cancer often hurt begin
Cancer,weight loss trialmost half peopl cancer lose weight
Cancer,fatigu
Cancer,fever
Cancer,chang skin
Cancer,sore heal
Cancer,cough hoar go away
Cancer,unusu bleed
Candidiasis,oral thrushcandidiasi develop mouth throat call hrush
Candidiasis,tire fatigu
Candidiasis,recur genit urinari tract infect
Candidiasis,digest issu
Candidiasis,sinus infect
Candidiasis,skin nail fungal infect
Candidiasis,joint pain
Campylobacter,diarrhea
Campylobacter,fever
Campylobacter,stomach cramp
Campylobacter,nausea vomit
Campylobacter,irrat bowel syndrom
Campylobacter,paralysi
Campylobacter,arthriti
Carbon monoxide poisoning,headach
Carbon monoxide poisoning,
Carbon monoxide poisoning,dizzi
Carbon monoxide poisoning,weak
Carbon monoxide poisoning,carbon monoxid poison
Carbon monoxide poisoning,chest pain
Carbon monoxide poisoning,confus
Coeliac disease,abdomin pain
Coeliac disease,bloat flatul pas wind
Coeliac disease,indigest
Coeliac disease,constip
Coeliac disease,vomit usual affect child
Common cold,rubbi nose
Common cold,sore throat
Common cold,cough
Common cold,congest
Common cold,slight bodi ach
Common cold,mild headach
Common cold,sneez
Common cold,fever
COVID-19,fever
COVID-19,cough
COVID-19,tire
COVID-19,sore throat
COVID-19,diarrhoea
COVID-19,conjunct
COVID-19,headach
COVID-19,loss tast smell
COVID-19,rash skin
COVID-19,discolour finger toe
COVID-19,difficulti breath
COVID-19,chest pain
Cowpox,fever
Cowpox,tire
Cowpox,vomit
Cowpox,sore throat
Cowpox,conjunct
Cowpox,perioiorbit swell
Cowpox,corneal involv
Cerebral palsy,delay reach develop milestonexampl sit monthwalk month
Cerebral palsy,seem stiff floppi hypotonia
Cerebral palsy,weak arm leg
Cerebral palsy,fidgeti jerki clumsi movement
Cerebral palsy,random uncontrol movement
Cerebral palsy,muscl spasm
Cerebral palsy,shake hand tremor
Chagas disease,mild flu symptom fever fatigu bodi ach headach
Chagas disease,rash
Chagas disease,loss appetit
Chagas disease,diarrhea
Chagas disease,vomit
Chagas disease,swell sore eye side face bite infect occur visibl few half infect peopl
Chagas disease,enlarg gland
Chickenpox,fever
Chickenpox,loss appetit
Chickenpox,headach
Chickenpox,tire general feel unwel malais
Chlamydia,pain urin
Chlamydia,vagin discharg woman
Chlamydia,discharg peni men
Chlamydia,pain sexual intercours woman
Chlamydia,bleed period sex woman
Chlamydia,testicular pain men
Chlamydia trachomatis,pain urin
Chlamydia trachomatis,vagin discharg woman
Chlamydia trachomatis,discharg peni men
Chlamydia trachomatis,pain sexual intercours woman
Chlamydia trachomatis,bleed period sex woman
Chlamydia trachomatis,testicular pain men
Chordoma,nerv muscl weak back arm leg
Chordoma,pain
Chordoma,noseble
Cholera,diarrhea
Cholera,vomit
Cholera,leg cramp
Cholera,headach
Chordoma,runni nose
Chordoma,bowel bladder problem
Chorea,involuntari muscl movement also call fidgeti movement danc movement usual appear hand foot face
Chorea,milkmaid grip rather hold hand steadi tri shake someon hand grip releas finger
Chronic fatigue syndrome,sleep problem
Chronic fatigue syndrome,muscl joint pain
Chronic fatigue syndrome,headach
Chronic fatigue syndrome,sore throat sore gland swollen
Chronic fatigue syndrome,problem think rememb concentr
Chronic fatigue syndrome,flu symptom
Chronic fatigue syndrome,feel dizzi sick
Chronic fatigue syndrome,fast irregular heartbeat heart palpit
Circadian rhythm sleep disorder,consist difficulti fall asleepstay asleep
Circadian rhythm sleep disorder,excess daytim sleepi sleepi shift work
Circadian rhythm sleep disorder,fatigu exhaust
Circadian rhythm sleep disorder,lethargi
Circadian rhythm sleep disorder,decreas alert difficulti concentr
Circadian rhythm sleep disorder,impair judgment troubl control mood emot
Colitis,diarrhea often blood pu
Colitis,abdomin pain cramp
Colitis,rectal pain
Colitis,rectal bleedpas small amount blood stool
Colitis,urgenc defec
Colitis,inabl defec despit urgenc
Colitis,weight loss
Colitis,fatigu
Condyloma,small skin color gray spot genit area rais flat
Condyloma,sever wart close togeth shape cauliflow
Condyloma,itch discomfort genit area
Condyloma,increas vagin discharg
Condyloma,bleed sex
Congestive heart disease,short breath dyspnea exert lie
Congestive heart disease,fatigu weak
Congestive heart disease,swell edema leg ankl foot
Congestive heart disease,rapid irregular heartbeat
Congestive heart disease,reduc abil exercis
Congestive heart disease,persist cough wheez white pink blood ting phlegm
Congestive heart disease,increas need urin night
Coronary heart disease,chest pain discomfort angina
Coronary heart disease,weak light head nausea feel sick stomach cold sweat
Coronary heart disease,pain discomfort arm shoulder
Coronary heart disease,short breath
Crohn's Disease,diarrhea
Crohn's Disease,fever
Crohn's Disease,fatigu
Crohn's Disease,abdomin pain cramp
Crohn's Disease,blood stool
Crohn's Disease,mouth sore
Crohn's Disease,reduc appetit weight loss
Crohn's Disease,pain drainag anus due inflamm tunnel skin fistula
Dengue Fever,nausea vomit
Dengue Fever,rash
Dengue Fever,ach paineye paintypic eye muscl joint bone pain
Dengue Fever,warn sign
Diabetes mellitus,increas thirst
Diabetes mellitus,frequent urin
Diabetes mellitus,extrem hunger
Diabetes mellitus,unexplain weight loss
Diabetes mellitus,presenc keton keton byproduct breakdown muscl fat happen enough avail insulin
Diabetes mellitus,fatigu
Diabetes mellitus,irrit
Diabetes mellitus,blur vision
Diphtheria,thick grey white coat back throat
Diphtheria,high temperatur fever c
Diphtheria,feel sick
Diphtheria,sore throat
Diphtheria,headach
Diphtheria,swollen gland neck
Diphtheria,difficulti breath swallow
Dehydration,feel thirsti
Dehydration,dark yellow strong smell pee
Dehydration,feel dizzi lighthead
Dehydration,feel tire
Dehydration,dri mouth lip eye
Dehydration,pee littl few time day
Dysentery,diarrhea belli cramp
Dysentery,fever
Dysentery,nausea vomit
Dysentery,blood mucus diarrhea
Ear infection,pain insid ear
Ear infection,high temperatur c
Ear infection,sick
Ear infection,lack energi
Ear infection,difficulti hear
Ear infection,discharg run ear
Ear infection,feel full insid ear
Ear infection,itch irrit ear
Ebola,fever
Ebola,ach painsever headach joint pain
Ebola,weak fatigu
Ebola,sore throat
Ebola,loss appetit
Ebola,gastrointestin symptom includ abdomin pain diarrhea vomit
Encephalitis,fever
Encephalitis,seizur
Encephalitis,headach
Encephalitis,movement disord
Encephalitis,sensit light
Encephalitis,sensit sound
Encephalitis,neck stiff
Encephalitis,loss conscious
Emphysema,short breath especi light exercis climb step
Emphysema,ongo feel abl get enough air
Emphysema,long term coughmoker cough
Emphysema,wheez
Emphysema,long term mucus product
Emphysema,ongo fatigu
Epilepsy,uncontrol jerk shake call fit
Epilepsy,lose awar stare blank space
Epilepsy,becom stiff
Epilepsy,strang sensat rise feel unusu smell tingl feel arm leg
Epilepsy,collaps
Erectile dysfunction,troubl get erect
Erectile dysfunction,troubl keep erect
Erectile dysfunction,reduc sexual desir
Fibromyalgia,pain stiff bodi
Fibromyalgia,fatigu tire
Fibromyalgia,depress anxieti
Fibromyalgia,sleep problem
Fibromyalgia,problem think memori concentr
Fibromyalgia,headach includ migrain
Foodborne illness,upset stomach
Foodborne illness,stomach cramp
Foodborne illness,nausea
Foodborne illness,vomit
Foodborne illness,diarrhea
Foodborne illness,fever
Gangrene,initi red swell
Gangrene,loss sensat sever pain affect area
Gangrene,sore blister bleed releas dirti look foul smell discharg gangren caus infect
Gangrene,skin becom cold pale
Gastroenteritis,wateri usual nonbloodi diarrheabloodi diarrhea usual mean differ sever infect
Gastroenteritis,abdomin cramp pain
Gastroenteritis,nausea vomit
Gastroenteritis,occasion muscl ach headach
Gastroenteritis,low grade fever
Genital herpes,pain itchexperi pain tender genit area infect clear
Genital herpes,small red bump white blisterappear day week infect
Genital herpes,ulcer
Genital herpes,scab
GERD,burn sensat chest heartburn usual eat wors night
GERD,chest pain
GERD,difficulti swallow
GERD,regurgit food sour liquid
GERD,sensat lump throat
Goitre,cough
Goitre,tight feel throat
Goitre,chang hoar
Goitre,difficulti swallow dysphagia
Goitre,difficulti breathhigh pitch sound breath
Gonorrhea,pain urin
Gonorrhea,pu discharg tip peni
Gonorrhea,pain swell testicl
Heart disease,chest pain chest tight chest pressur chest discomfort angina
Heart disease,short breath
Heart disease,pain numb weak cold leg arm blood vessel part bodi narrow
Heart disease,pain neck jaw throat abdomen back
Hepatitis A,fatigu
Hepatitis A,sudden nausea vomit
Hepatitis A,abdomin pain discomfort especi upper right side beneath lower rib liver
Hepatitis A,clay color bowel movement
Hepatitis A,loss appetit
Hepatitis A,low grade fever
Hepatitis A,dark urin
Hepatitis A,joint pain
Hepatitis B,fever
Hepatitis B,fatigu
Hepatitis B,loss appetit
Hepatitis B,nausea
Hepatitis B,vomit
Hepatitis B,abdomin pain
Hepatitis B,dark urin
Hepatitis B,clay color bowel movement
Hepatitis C,bleed easili
Hepatitis C,bruis easili
Hepatitis C,fatigu
Hepatitis C,poor appetit
Hepatitis C,yellow discolor skin eye jaundic
Hepatitis C,dark color urin
Hepatitis C,itchi skin
Hepatitis C,fluid buildup abdomen ascit
Hepatitis D,yellow skin eye jaundic
Hepatitis D,stomach upset
Hepatitis D,pain belli
Hepatitis D,throw
Hepatitis D,fatigu
Hepatitis D,feel hungri
Hepatitis D,joint pain
Hepatitis D,dark urin
Hepatitis E,fever
Hepatitis E,fatigu
Hepatitis E,loss appetit
Hepatitis E,nausea
Hepatitis E,vomit
Hepatitis E,abdomin pain
Hepatitis E,jaundic
Hepatitis E,dark urin
Histiocytosis (childhood cancer),slow growth develop
Histiocytosis (childhood cancer),hear loss
Histiocytosis (childhood cancer),bone liver lung problem
Histiocytosis (childhood cancer),chang mood feel learn think memori
Histiocytosis (childhood cancer),second cancerleukemia retinoblastoma ewe sarcoma brain liver cancer
HIV,fever
HIV,chill
HIV,rash
HIV,night sweat
HIV,muscl ach
HIV,sore throat
HIV,fatigu
HIV,swollen lymph node
Huntington's disease,difficulti concentr memori lap
Huntington's disease,depress
Huntington's disease,stumbl clumsi
Huntington's disease,involuntari jerk fidgeti movement limb bodi
Huntington's disease,mood swing person chang
Huntington's disease,problem swallow speak breath
Huntington's disease,difficulti move
Hypermetropia,troubl focus nearbi object
Hypermetropia,headach
Hypermetropia,blurri vision
Hypermetropia,eye strain
Hypermetropia,fatigu headach close task read
Hyperopia,troubl focus nearbi object
Hyperopia,headach
Hyperopia,blurri vision
Hyperopia,eye strain
Hyperopia,fatigu headach close task read
Hyperthyroidism,nervous anxieti irrit
Hyperthyroidism,mood swing
Hyperthyroidism,difficulti sleep
Hyperthyroidism,persist tire weak
Hyperthyroidism,sensit heat
Hyperthyroidism,swell neck enlarg thyroid gland goitr
Hyperthyroidism,irregular unusu fast heart rate palpit
Hyperthyroidism,twitch trembl
Hypothyroid,tire
Hypothyroid,sensit cold
Hypothyroid,weight gain
Hypothyroid,constip
Hypothyroid,depress
Hypothyroid,slow movement think
Hypothyroid,muscl ach weak
Hypothyroid,muscl cramp
Hypotonia,decreas muscl tone
Hypotonia,decreas strength
Hypotonia,poor reflex
Hypotonia,hyperflex
Hypotonia,speech difficulti
Hypotonia,decreas activ endur
Hypotonia,impair postur
Infertility,pain sex
Infertility,heavi long pain period
Infertility,dark pale menstrual blood
Infertility,irregular menstrual cycl
Infertility,hormon chang
Infertility,medic condit
Infertility,obes
Infertility,get pregnant
Influenza,fever feel feverish chill
Influenza,cough
Influenza,sore throat
Influenza,runni stuffi nose
Influenza,muscl bodi ach
Influenza,headach
Influenza,fatigu tire
Influenza,peopl vomit diarrhea common child adult
Interstitial cystitis,chronic intermitt pain pelvi
Interstitial cystitis,pelvic pressur discomfort
Interstitial cystitis,urinari urgenc feel urin
Interstitial cystitis,frequent urin day night
Interstitial cystitis,pain sexual intercours
Iritis,iriti inflamm color part eye iri
Iritis,caus symptom eye pain light sensit headach decreas vision
Iritis,lead serious problem sever vision loss even blind
Iritis,infect injuri autoimmun diseas major caus
Iron-deficiency anemia,extrem fatigu
Iron-deficiency anemia,weak
Iron-deficiency anemia,pale skin
Iron-deficiency anemia,chest pain fast heartbeat short breath
Iron-deficiency anemia,headach dizzi lightheaded
Iron-deficiency anemia,cold hand foot
Iron-deficiency anemia,inflamm sore tongu
Iron-deficiency anemia,brittl nail
Irritable bowel syndrome,abdomin stomach pain cramp reliev move bowel
Irritable bowel syndrome,chang bowel habitdiarrhoea constip sometim
Irritable bowel syndrome,bloat swell stomach
Irritable bowel syndrome,excess wind flatul
Intestine Gas,belchbelch meal normal peopl belch frequent swallow much air releas air enter stomach
Intestine Gas,flatulpas gas rectum call flatul
Intestine Gas,abdomin bloat
Intestine Gas,abdomin pain discomfort
Intestine disease,persist diarrhea
Intestine disease,abdomin pain
Intestine disease,rectal bleed bloodi stool
Intestine disease,weight loss
Intestine disease,fatigu
Upset Intestine,abdomin pain
Upset Intestine,cramp
Upset Intestine,nausea vomit
Upset Intestine,increas bowel movement
Upset Intestine,loos stool diarrhea
Upset Intestine,headach
Upset Intestine,bodi ach
Upset Intestine,chill fever
Jaundice,fever
Jaundice,chill
Jaundice,abdomin pain
Jaundice,flu symptom
Jaundice,chang skin color
Jaundice,dark color urin clay color stool
Keloids,appear slowlitake month longer see first sign keloid
Keloids,begin rais pink red purpl scar
Keloids,grow slowli
Keloids,feel soft doughi hard rubberi
Keloids,caus pain itch tender
Keloids,fix place
Keloids,becom darker color time
Kuru,arm leg pain
Kuru,coordin problem becom sever
Kuru,difficulti walk
Kuru,headach
Kuru,swallow difficulti
Kuru,tremor muscl jerk
Kwashiorkor,loss muscl mass
Kwashiorkor,enlarg tummi pot belli
Kwashiorkor,regular infectserious long last infect
Kwashiorkor,red inflam patch skin darken peel split open
Kwashiorkor,dri brittl hair fall easili lose colour
Kwashiorkor,failur grow height
Kwashiorkor,tire irrit
Kidney stone disease,pain back belli side
Kidney stone disease,pain burn urin
Kidney stone disease,urgent need go
Kidney stone disease,blood urin
Kidney stone disease,cloudi smelli urin
Kidney stone disease,go small amount time
Kidney stone disease,nausea vomit
Kidney stone disease,fever chill
Laryngitis,hoar
Laryngitis,weak voic voic loss
Laryngitis,tickl sensat raw throat
Laryngitis,sore throat
Laryngitis,dri throat
Laryngitis,dri cough
Legionellosis,high temperatur feverish chill
Legionellosis,cough
Legionellosis,muscl pain
Legionellosis,headach lead
Legionellosis,pneumonia occasion
Legionellosis,diarrhoea sign mental confus
Leishmaniasis,weight loss
Leishmaniasis,weak
Leishmaniasis,fever last week month
Leishmaniasis,enlarg spleen
Leishmaniasis,enlarg liver
Leishmaniasis,decreas product blood cell
Leishmaniasis,bleed
Leishmaniasis,infect
Leprosy,discolor patch skinusual flat numb look fade light skin
Leprosy,growth nodul skin
Leprosy,thick stiff dri skin
Leprosy,painless ulcer sole foot
Leprosy,painless swell lump face earlob
Leprosy,loss eyebrow eyelash
Leptospirosis,high fever
Leptospirosis,headach
Leptospirosis,chill
Leptospirosis,muscl ach
Leptospirosis,vomit
Leptospirosis,jaundic yellow skin eye
Leptospirosis,red eye
Leptospirosis,abdomin pain
Listeriosis,fever
Listeriosis,chill
Listeriosis,muscl ach
Listeriosis,nausea
Listeriosis,diarrhea
Leukemia,fever chill
Leukemia,persist fatigu weak
Leukemia,frequent sever infect
Leukemia,lose weight tri
Leukemia,swollen lymph node enlarg liver spleen
Leukemia,easi bleed bruis
Leukemia,recurr noseble
Leukemia,tini red spot skin petechia
Lice,intens itch scalp bodi genit area
Lice,tickl feel movement hair
Lice,louse scalp bodi cloth pubic bodi hair
Lice,louse egg nit hair shaft
Lice,sore scalp neck shoulder
Lung cancer,cough go away week
Lung cancer,long stand cough get wors
Lung cancer,chest infect keep come back
Lung cancer,cough blood
Lung cancer,ach pain breath cough
Lung cancer,persist breathless
Lung cancer,persist tire lack energi
Lupus erythematosus,achi joint arthralgia
Lupus erythematosus,fever high f
Lupus erythematosus,swell joint arthriti
Lupus erythematosus,constant sever fatigu
Lupus erythematosus,skin rash
Lupus erythematosus,ankl swell
Lupus erythematosus,pain chest breath deepli pleurisi
Lupus erythematosus,butterfli shape rashcheek nose malar rash
Lymphogranuloma venereum,blood pu anus underwear use toilet paper
Lymphogranuloma venereum,pain anal area poo recept anal sex
Lymphogranuloma venereum,constip pain strain loos poo tri open bowel
Lymphogranuloma venereum,feel incomplet open bowel
Lymphoma,painless swell lymph node neck armpit groin
Lymphoma,persist fatigu
Lymphoma,fever
Lymphoma,night sweat
Lymphoma,short breath
Lymphoma,unexplain weight loss
Lymphoma,itchi skin
Mad cow disease,loss intellect memori
Mad cow disease,chang person
Mad cow disease,loss balanc co ordin
Mad cow disease,slur speech
Mad cow disease,vision problem blind
Mad cow disease,abnorm jerk movement
Mad cow disease,progress loss brain function mobil
Malaria,fever
Malaria,shake chill
Malaria,headach
Malaria,muscl ach
Malaria,tire
Malaria,nausea
Malaria,vomit
Malaria,diarrhea
Measles,high fever spike f
Measles,cough
Measles,runni nose coryza
Measles,red wateri eye conjunct
Measles,rash day symptom begin
Melanoma,get big
Melanoma,chang shape
Melanoma,chang colour
Melanoma,bleed becom crusti
Melanoma,itchi sore
Metastatic cancer,pain fractur cancer spread bone
Metastatic cancer,headach seizur dizzi cancer spread brain
Metastatic cancer,short breath cancer spread lung
Metastatic cancer,jaundic swell belli cancer spread liver
Meniere's disease,feel dizzi spin sensat vertigo
Meniere's disease,feel unsteadi foot
Meniere's disease,feel sick nausea sick vomit
Meniere's disease,hear ring roar buzz insid ear
Meniere's disease,sudden drop hear
Meningitis,high temperatur
Meningitis,cold hand foot
Meningitis,vomit
Meningitis,confus
Meningitis,breath quick
Meningitis,muscl joint pain
Meningitis,pale mottl blotchi skin
Meningitis,spot rash
Migraine,rest quiet dark roommani peopl migrain report sensit light sound
Migraine,appli hot cold compressplace compress forehead back neck
Migraine,tri mind medit
Migraine,smell lavend
Migraine,stay hydrat
Migraine,massag templ
Migraine,exercis
Mononucleosis,extrem fatigu
Mononucleosis,fever
Mononucleosis,sore throat
Mononucleosis,head bodi ach
Mononucleosis,swollen lymph node neck armpit
Mononucleosis,swell liver spleen
Mononucleosis,rash
Mucormycosis,side facial swell
Mucormycosis,headach
Mucormycosis,nasal sinus congest
Mucormycosis,black lesion nasal bridg upper insid mouth quick becom sever
Mucormycosis,fever
Migraine,migrain
Multiple myeloma,persist dull ach area tender bone
Multiple myeloma,weak bone break fractur easili
Multiple myeloma,tired weak short breathcaus anaemia
Multiple myeloma,repeat infect
Multiple myeloma,kidney problem
Multiple sclerosis,fatigu
Multiple sclerosis,vision problem
Multiple sclerosis,numb tingl
Multiple sclerosis,muscl spasm stiff weak
Multiple sclerosis,mobil problem
Multiple sclerosis,pain
Multiple sclerosis,problem think learn plan
Multiple sclerosis,depress anxieti
Mumps,fever
Mumps,headach
Mumps,muscl ach
Mumps,tire
Mumps,loss appetit
Muscular dystrophy,frequent fall
Muscular dystrophy,difficulti rise lie sit posit
Muscular dystrophy,troubl run jump
Muscular dystrophy,waddl gait
Muscular dystrophy,walk toe
Muscular dystrophy,larg calf muscl
Muscular dystrophy,muscl pain stiff
Muscular dystrophy,learn disabl
Myasthenia gravis,weak eye muscl call ocular myasthenia
Myasthenia gravis,droop eyelid ptosi
Myasthenia gravis,blur doubl vision diplopia
Myasthenia gravis,chang facial express
Myasthenia gravis,difficulti swallow
Myasthenia gravis,short breath
Myasthenia gravis,impair speech dysarthria
Myelitis,paintransvers myeliti pain begin sudden low back
Myelitis,abnorm sensatpeopl transvers myeliti report sensat numb tingl cold burn
Myelitis,weak arm leg
Myelitis,bladder bowel problem
Myoclonus,sudden
Myoclonus,brief
Myoclonus,involuntari
Myoclonus,shock
Myoclonus,variabl intens frequenc
Myoclonus,local part bodibodi
Myoclonus,sometim sever enough interfer eat speak walk
Myopia,blurri vision look distant object
Myopia,need squint partial close eyelid see clear
Myopia,headach caus eyestrain
Myopia,difficulti see drive vehicl especi night night myopia
Myxedema,weak lethargi
Myxedema,confus non respons
Myxedema,feel cold
Myxedema,low bodi temperatur
Myxedema,swell bodi especi face tongu low leg
Myxedema,difficulti breath
Morquio Syndrome,scoliosi kyphosi
Morquio Syndrome,knock knee
Morquio Syndrome,heart vision problem
Morquio Syndrome,enlarg liver
Morquio Syndrome,short height
Mattticular syndrome,painless lump swell testicl
Mattticular syndrome,pain discomfort numb testicl scrotum swell
Mattticular syndrome,chang way feel feel heavi scrotum
Mattticular syndrome,dull ach lower abdomen groin
Mattticular syndrome,sudden buildup fluid scrotum
Mattticular syndrome,breast tender growth
Mononucleosis,extrem fatigu
Mononucleosis,fever
Mononucleosis,sore throat
Mononucleosis,head bodi ach
Mononucleosis,swollen lymph node neck armpit
Mononucleosis,swell liver spleen
Mononucleosis,rash
Neoplasm,anemia
Neoplasm,short breath
Neoplasm,abdomin pain
Neoplasm,persist fatigu
Neoplasm,loss appetit
Neoplasm,chill
Neoplasm,diarrhea
Neoplasm,fever
Non-gonococcal urethritis,white fluid discharg end peni common occur everi case
Non-gonococcal urethritis,pain burn pas urin
Non-gonococcal urethritis,sore irrit itch insid peni
Non-gonococcal urethritis,feel want pas urin frequent
Necrotizing Fasciitis,red warm swell area skin spread quick
Necrotizing Fasciitis,sever pain includ pain area skin red warm swollen
Necrotizing Fasciitis,fever
Night blindness,abnorm troubl adapt dark drive night
Night blindness,blurri vision drive dark
Night blindness,difficulti see place dim light hous movi theater
Night blindness,excess squint night
Night blindness,troubl adjust bright area darker
Obesity,difficulti sleepobes associ sleepapnoea caus daytim drowsi insuffici rest sleep
Obesity,back joint pain
Obesity,excess sweat
Obesity,intoler heat
Obesity,infect skin fold
Obesity,fatigu
Obesity,depress
Obesity,feel short breath dyspnoea
Osteoarthritis,joint tender
Osteoarthritis,increas pain stiff move joint
Osteoarthritis,joint appear slight large knobbl usual
Osteoporosis,back pain caus fractur collaps vertebra
Osteoporosis,loss height time
Osteoporosis,stoop postur
Osteoporosis,bone break much easili expect
Otitis,unusu irrit
Otitis,difficulti sleep stay asleep
Otitis,tug pull ear
Otitis,fever especi infant young child
Otitis,fluid drain ear
Otitis,loss balanc
Otitis,hear difficulti
Otitis,ear pain
Palindromic rheumatism,swell red joint
Palindromic rheumatism,stiff affect joint
Palindromic rheumatism,swell sore tendon tissu joint
Palindromic rheumatism,fatigu
Palindromic rheumatism,restrict mobil
Palindromic rheumatism,low grade fever
Paratyphoid fever,weak
Paratyphoid fever,stomach pain
Paratyphoid fever,headach
Paratyphoid fever,diarrhea constip
Paratyphoid fever,cough
Paratyphoid fever,loss appetit
Parkinson's disease,tremortremor shake usual begin limb often hand finger
Parkinson's disease,slow movement bradykinesia
Parkinson's disease,rigid muscl
Parkinson's disease,impair postur balanc
Parkinson's disease,loss automat movement
Parkinson's disease,speech chang
Parkinson's disease,write chang
Pelvic inflammatory disease,pain pelvi low tummi
Pelvic inflammatory disease,discomfort pain sex felt deep insid pelvi
Pelvic inflammatory disease,pain pee
Pelvic inflammatory disease,bleed period sex
Pelvic inflammatory disease,heavi period
Pelvic inflammatory disease,pain period
Pelvic inflammatory disease,unusu vagin discharg especi yellow green
Peritonitis,sever belli pain get wors motion
Peritonitis,nausea vomit
Peritonitis,fever
Peritonitis,sore swollen belli
Peritonitis,fluid belli
Peritonitis,abl bowel movement pas gas
Peritonitis,less urin normal
Peritonitis,thirst
Periodontal disease,swollen puffi gum
Periodontal disease,bright red duski red purplish gum
Periodontal disease,gum feel tender touch
Periodontal disease,gum bleed easili
Periodontal disease,pink ting toothbrush brush
Periodontal disease,spit blood brush floss teeth
Periodontal disease,bad breath
Periodontal disease,pu teeth gum
Pertussis,paroxysm fit mani rapid cough follow high pitch hoopsound
Pertussis,vomit throw cough fit
Pertussis,exhaust tire cough fit
Phenylketonuria,behaviour difficulti frequent temper tantrum episod harm
Phenylketonuria,fairer hair eye sibl condit phenylalanin involv bodi product melanin pigment respons skin hair colour
Phenylketonuria,eczema
Phenylketonuria,repeat sick
Plague,bubon plagu patient develop sudden onset fever headach chill weak swollen tender pain lymph node call bubo
Plague,septicem plagu patient develop fever chill extrem weak abdomin pain shock possibl bleed skin organ
Poliomyelitis,fever
Poliomyelitis,sore throat
Poliomyelitis,headach
Poliomyelitis,vomit
Poliomyelitis,fatigu
Poliomyelitis,back pain stiff
Poliomyelitis,neck pain stiff
Poliomyelitis,pain stiff arm leg
Porphyria,sever abdomin pain
Porphyria,pain chest leg back
Porphyria,constip diarrhea
Porphyria,nausea vomit
Porphyria,muscl pain tingl numb weak paralysi
Porphyria,red brown urin
Porphyria,mental chang anxieti confus hallucin disorient paranoia
Progeria,slow growth averag height weight
Progeria,narrow face small low jaw thin lip beak nose
Progeria,head disproportion larg face
Progeria,promin eye incomplet closur eyelid
Progeria,hair loss includ eyelash eyebrow
Progeria,thin spotti wrinkl skin
Progeria,visibl vein
Progeria,high pitch voic
Prostatitis,pain sever peni testicl anus low abdomen low backpoo pain
Prostatitis,pain pee need pee frequent particular night problem start stop start pee urgent need pee sometim blood urin
Psoriasis,red patch skin cover thick silveri scale
Psoriasis,small scale spot common see child
Psoriasis,dri crack skin bleed itch
Psoriasis,itch burn sore
Psoriasis,thicken pit ridg nail
Psoriasis,swollen stiff joint
Pubic lice,itch affect area especi night
Pubic lice,inflamm irrit caus scratch
Pubic lice,black powder underwear
Pubic lice,blue spot small spot blood skin thigh low abdomen caus louse bite
Pulmonary embolism,short breathsymptom typic appear sudden alway get wors exert
Pulmonary embolism,chest painfeel heart attack
Pulmonary embolism,coughcough produc bloodi blood streak sputum
Pilia,yellow ting skin white eye normal start head spread bodi
Pilia,pale stool
Pilia,dark urin
Pilia,itchi
pneumonia,cough produc greenish yellow even bloodi mucus
pneumonia,fever sweat shake chill
pneumonia,short breath
pneumonia,rapid shallow breath
pneumonia,sharp stab chest pain get wors breath deepli cough
pneumonia,loss appetit low energi fatigu
Q fever,high fever chill
Q fever,sever drench sweatsever headach often eye
Q fever,muscl joint pain
Q fever,extrem fatigu tire
Ques fever,fever
Ques fever,chill sweat
Ques fever,fatigu tire
Ques fever,headach
Ques fever,muscl ach
Ques fever,nausea vomit diarrhea
Ques fever,chest pain
Ques fever,stomach pain
Rabies,fever
Rabies,headach
Rabies,nausea
Rabies,vomit
Rabies,agit
Rabies,anxieti
Rabies,confus
Rabies,hyperact
Repetitive strain injury,pain ach tender
Repetitive strain injury,stiff
Repetitive strain injury,throb
Repetitive strain injury,tingl numb
Repetitive strain injury,weak
Repetitive strain injury,cramp
Rheumatic fever,fever
Rheumatic fever,pain tender joint arthriti common knee ankl elbow wrist
Rheumatic fever,symptom congest heart failur includ chest pain short breath fast heartbeat
Rheumatic fever,fatigu
Rheumatic fever,jerki uncontrol bodi movement call horea
Rheumatic heart,fever
Rheumatic heart,swell tender red extrem pain jointparticular knee ankl
Rheumatic heart,nodul lump skin
Rheumatic heart,red rais lattic rash usual chest back abdomen
Rheumatic heart,short breath chest discomfort
Rheumatism,joint pain
Rheumatism,fatigu
Rheumatism,joint stiff
Rheumatism,rash includ butterfli rash cheek
Rheumatism,sun sensit
Rheumatism,hair loss
Rheumatism,blue white finger toe expo cold call raynaud phenomenon
Rheumatism,problem organ kidney
Rheumatoid arthritis,pain ach joint
Rheumatoid arthritis,stiff joint
Rheumatoid arthritis,tender swell joint
Rheumatoid arthritis,symptom side bodi hand knee
Rheumatoid arthritis,weight loss
Rheumatoid arthritis,fever
Rheumatoid arthritis,fatigu tire
Rheumatoid arthritis,weak
Rickets,bow leg knock knee
Rickets,thicken wrist ankl
Rickets,breastbon project
Rocky Mountain spotted fever,fever
Rocky Mountain spotted fever,headach
Rocky Mountain spotted fever,rash
Rocky Mountain spotted fever,nausea
Rocky Mountain spotted fever,vomit
Rocky Mountain spotted fever,stomach pain
Rocky Mountain spotted fever,muscl pain
Rocky Mountain spotted fever,lack appetit
Rubella,low grade fever
Rubella,headach
Rubella,mild pink eyered swell white eye
Rubella,general discomfort
Rubella,swollen enlarg lymph node
Rubella,cough
Rubella,runni nose
Salmonellosis,nausea
Salmonellosis,vomit
Salmonellosis,abdomin cramp
Salmonellosis,diarrhea
Salmonellosis,fever
Salmonellosis,chill
Salmonellosis,headach
Salmonellosis,blood stool
SARS,fever
SARS,chill
SARS,muscl ach
SARS,headach
SARS,diarrhea
SARS,cough
SARS,shotrt breath
Scabies,itch main night itch common symptom
Scabies,rashmani peopl get scabi rash
Scabies,sorescratch itchi rash caus sore
Scabies,thick crust skin crust form person develop sever type scabicall crust scabi
Scarlet fever,red sore throat
Scarlet fever,fever f high
Scarlet fever,whitish coat tongu earli ill
Scarlet fever,trawberrired bumpi tongu
Scarlet fever,red skin rash sandpap feel
Scarlet fever,bright red skin creas underarm elbow groin area stomach meet thigh
Scarlet fever,swollen gland neck
Sciatica,moder sever pain low back buttock leg
Sciatica,numb weak low back buttock leg foot
Sciatica,pain worsen movementloss movement
Sciatica,needlfeel leg toe foot
Scleroderma,thicken swell finger
Scleroderma,pale finger becom numb tingl expo cold stress know raynaud phenomenon
Scleroderma,joint pain
Scleroderma,taut shini darker skin larg area caus problem movement
Scrapie,weight loss despit retent appetit
Scrapie,behaviour chang
Scrapie,itch rub
Scrapie,wool pull
Scrapie,bite limb side
Scrapie,bunni movement rear limb
Scrapie,sway hip hind limb
Scrapie,sensit movement
Scurvy,general feel unwel
Scurvy,fatigu
Scurvy,loss appetit
Scurvy,nausea
Scurvy,diarrhoea
Scurvy,fever
Scurvy,pain joint muscl
Scurvy,small pinpoint bleed hair follicl visibl skin
Sepsis,fever chill
Sepsis,low bodi temperatur
Sepsis,pee less usual
Sepsis,fast heartbeat
Sepsis,nausea vomit
Sepsis,diarrhea
Sepsis,fatigu weak
Sepsis,blotchi discolor skin
Septicemia,fever chill
Septicemia,low bodi temperatur
Septicemia,pee less usual
Septicemia,fast heartbeat
Septicemia,nausea vomit
Septicemia,diarrhea
Septicemia,fatigu weak
Septicemia,blotchi discolor skin
Shigellosis,fever
Shigellosis,bloodi diarrhea
Shigellosis,sever stomach cramp tender
Shigellosis,dehydr
Shigellosis,feel sick
Shingles,pain burn numb tingl
Shingles,sensit touch
Shingles,red rash begin day pain
Shingles,fluid fill blister break open crust
Shingles,itch
Sickle-cell anemia,anemiasickl cellbreak apart easili die leav red blood cell
Sickle-cell anemia,episod painperiod episod pain call pain crise major symptom sickl cell anemia
Sickle-cell anemia,swell hand foot
Sickle-cell anemia,frequent infect
Sickle-cell anemia,delay growth puberti
Sickle-cell anemia,vision problem
SIDS,sexboy like die sid
SIDS,ageinfant vulner second fourth month life
SIDS,racereason well understood nonwhit infant develop sid
SIDS,famili histori
SIDS,secondhand smoke
SIDS,prematur
Smallpox,fever
Smallpox,overal discomfort
Smallpox,headach
Smallpox,sever fatigu
Smallpox,sever back pain
Smallpox,vomit possibl
Stevens?“Johnson syndrome,fever
Stevens?“Johnson syndrome,sore mouth throat
Stevens?“Johnson syndrome,fatigu
Stevens?“Johnson syndrome,burn eye
Stomach flu,wateri usual nonbloodi diarrheabloodi diarrhea usual mean differ sever infect
Stomach flu,abdomin cramp pain
Stomach flu,nausea vomit
Stomach flu,occasion muscl ach headach
Stomach flu,low grade fever
Stomach ulcers,dull pain stomach
Stomach ulcers,weight loss
Stomach ulcers,want eat pain
Stomach ulcers,nausea vomit
Stomach ulcers,bloat
Stomach ulcers,feel full
Stomach ulcers,burp acid reflux
Stomach ulcers,heartburn burn sensat chest
Strabismus,cross eye
Strabismus,doubl vision
Strabismus,eye aim direct
Strabismus,uncoordin eye movement eye move togeth
Strabismus,loss vision depth percept
Strep throat,sore throat start quick
Strep throat,pain swallow
Strep throat,fever
Strep throat,red swollen tonsil sometim white patch streak pu
Strep throat,tini red spot petechiapronounc pi tee kee eye roof mouth soft hard palat
Streptococcal infection,throat pain usual come quick
Streptococcal infection,pain swallow
Streptococcal infection,red swollen tonsil sometim white patch streak pu
Streptococcal infection,tini red spot area back roof mouth soft hard palat
Streptococcal infection,swell tender lymph node neck
Streptococcal infection,fever
Streptococcal infection,headach
Streptococcal infection,rash
Schizophrenia,delusfals belief base realiti
Schizophrenia,hallucinusual involv see hear thing exist
Schizophrenia,disorgan think speech
Schizophrenia,extrem disorgan abnorm motor behavior
Schizophrenia,negat symptom
Stomach Gas,bloodi stool
Stomach Gas,chang consist stool
Stomach Gas,chang frequenc bowel movement
Stomach Gas,weight loss
Stomach Gas,constip diarrhea
Stomach Gas,persist recurr nausea vomit
Stomach Ache,irrit bowel syndrom ib
Stomach Ache,crohn diseas ulcer coliti
Stomach Ache,food poison
Stomach Ache,food allergi
Stomach Ache,gas
Stomach Ache,urinari tract infect
Stomach Ache,abdomin muscl strain pull
stomach Disease,abdomin pain
stomach Disease,nausea
stomach Disease,vomit
stomach Disease,inabl drink fluid
stomach Disease,feel hungri soon eat
stomach Disease,fatigu
stomach Disease,weight loss
stomach Disease,black tarri stool
Upset Stomach,abdomin pain
Upset Stomach,cramp
Upset Stomach,nausea vomit
Upset Stomach,increas bowel movement
Upset Stomach,loos stool diarrhea
Upset Stomach,headach
Upset Stomach,bodi ach
Upset Stomach,chill fever
Taeniasis,nausea
Taeniasis,weak
Taeniasis,loss appetit
Taeniasis,abdomin pain
Taeniasis,diarrhea
Taeniasis,dizzi
Taeniasis,salt crave
Taeniasis,weight loss inadequ absorpt nutrient food
Tay-Sachs disease,startl nois movement
Tay-Sachs disease,slow reach mileston learn crawl lose skill learnt
Tay-Sachs disease,floppi weak keep get wors unabl move paralysi
Tay-Sachs disease,difficulti swallow
Tay-Sachs disease,loss vision hear
Tay-Sachs disease,muscl stiff
Tay-Sachs disease,seizur fit
Teratoma,constip
Teratoma,abdomin pain
Teratoma,pain urin
Teratoma,swell pubic region
Teratoma,leg weak
Tetanus,jaw cramp
Tetanus,sudden involuntari muscl tighten muscl spasmoften stomach
Tetanus,pain muscl stiff bodi
Tetanus,troubl swallow
Tetanus,jerk stare seizur
Tetanus,headach
Tetanus,fever sweat
Tetanus,chang blood pressur fast heart rate
Thalassaemia,fatigu
Thalassaemia,weak
Thalassaemia,pale yellowish skin
Thalassaemia,facial bone deform
Thalassaemia,slow growth
Thalassaemia,abdomin swell
